Clinic,Service,Price,URL
Davin Clinic,Meso Fat Bomb - 20 cc. (1 time) [Flash Sale eVoucher],"฿1,389",https://www.gowabi.com/en/provider/davin-clinic
Davin Clinic,บท็อกซ์ Hugel 50 unit [Flash Sale eVoucher],"฿2,999",https://www.gowabi.com/en/provider/davin-clinic
Davin Clinic,Made Collagen 4CC (2 Times) [Flash Sale eVoucher],"฿1,119",https://www.gowabi.com/en/provider/davin-clinic
Davin Clinic,Derma Therapy Whitening (1 Time) [Flash Sale eVoucher],฿250,https://www.gowabi.com/en/provider/davin-clinic
Davin Clinic,Bio Light Therapy (1 Time) [Flash Sale eVoucher],฿159,https://www.gowabi.com/en/provider/davin-clinic
Davin Clinic,Meso White  (3 Times) [Flash Sale eVoucher],"฿1,199",https://www.gowabi.com/en/provider/davin-clinic
Davin Clinic,Acne Injection + Acne Mask [Flash Sale eVoucher],฿399,https://www.gowabi.com/en/provider/davin-clinic
Davin Clinic,บท็อกซ์ Hugel 100 unit Free 3500- [Flash Sale eVoucher],"฿5,999",https://www.gowabi.com/en/provider/davin-clinic
Davin Clinic,Made Collagen 2CC (1 Time) [Flash Sale eVoucher],฿379,https://www.gowabi.com/en/provider/davin-clinic
Davin Clinic,Made Collagen 4 CC (1 Time) [Flash Sale eVoucher],฿599,https://www.gowabi.com/en/provider/davin-clinic
Davin Clinic,Meso Fat - Cheek or Double Chin (3 CC) 1 time [Flash Sale eVoucher],฿359,https://www.gowabi.com/en/provider/davin-clinic
Davin Clinic,Meso Fat Bomb - 10 cc. THE BEST  (3 time) [Flash Sale eVoucher],"฿1,899",https://www.gowabi.com/en/provider/davin-clinic
Davin Clinic,Meso Fat Bomb - 10 cc. THE BEST  (1 time) [Flash Sale eVoucher],฿650,https://www.gowabi.com/en/provider/davin-clinic
Davin Clinic,Meso Skin White (1 Time)  [Flash Sale eVoucher],฿399,https://www.gowabi.com/en/provider/davin-clinic
Davin Clinic,Meso Chanel,"฿3,900",https://www.gowabi.com/en/provider/davin-clinic
Davin Clinic,Vitamin Skin Whitening,฿199,https://www.gowabi.com/en/provider/davin-clinic
Davin Clinic,Meso Fat Premium- Cheek/Double Chin/Arms/Legs (10 cc/10 Needles),฿990,https://www.gowabi.com/en/provider/davin-clinic
Davin Clinic,Rejuran - Whole Face 1 Time  !!! Free Made Collagen !!!,"฿9,900",https://www.gowabi.com/en/provider/davin-clinic
Davin Clinic,ฺบท็อกซ์ AESTOX  50 U REAL,"฿3,699",https://www.gowabi.com/en/provider/davin-clinic
Davin Clinic,Lipo serum for Body and Neck wattle 10CC. THE BEST,"฿2,590",https://www.gowabi.com/en/provider/davin-clinic
Davin Clinic,Acne Treatment,฿350,https://www.gowabi.com/en/provider/davin-clinic
Davin Clinic,Meso Face Whitening Hayan PREMIUM,"฿1,199",https://www.gowabi.com/en/provider/davin-clinic
Davin Clinic,Made Plus Z-Lift [Flash Sale eVoucher],"฿1,199",https://www.gowabi.com/en/provider/davin-clinic
Davin Clinic,Meso Wink Wink (1 time) [Flash Sale eVoucher],฿590,https://www.gowabi.com/en/provider/davin-clinic
Davin Clinic,Meso Fat Bomb - 10 cc. THE BEST  (4 time 40 CC) [Flash Sale eVoucher],"฿2,700",https://www.gowabi.com/en/provider/davin-clinic
Davin Clinic,Meso Gulta C  [Flash Sale eVoucher],฿899,https://www.gowabi.com/en/provider/davin-clinic
Davin Clinic,Rejuran Glass Skin Booster 리쥬란 투명피부 스킨 부스터,"฿9,900",https://www.gowabi.com/en/provider/davin-clinic
Davin Clinic,ฺบท็อกซ์ AESTOX  100 U REAL,"฿5,999",https://www.gowabi.com/en/provider/davin-clinic
Davin Clinic,24 Gold Mask Premium Facial [Flash Sale eVoucher],฿299,https://www.gowabi.com/en/provider/davin-clinic
Davin Clinic,Mask Diamond Rose,฿299,https://www.gowabi.com/en/provider/davin-clinic
Davin Clinic,Hya Collagen Facial Mask,฿359,https://www.gowabi.com/en/provider/davin-clinic
Davin Clinic,Pico Laser - Face Brightening,"฿1,399",https://www.gowabi.com/en/provider/davin-clinic
Davin Clinic,Pico Laser - Face Brightening [Flash Sale eVoucher],"฿1,399",https://www.gowabi.com/en/provider/davin-clinic
Davin Clinic,Pico Laser - Face Brightening  3 time [Flash Sale eVoucher],"฿3,900",https://www.gowabi.com/en/provider/davin-clinic
Davin Clinic,Acne Treatment,฿190,https://www.gowabi.com/en/provider/davin-clinic
Davin Clinic,Clearing Skin and Whitening ( 4  Steps),"฿1,450",https://www.gowabi.com/en/provider/davin-clinic
Davin Clinic,LED Light Therapy (1 Time Purchase / User),฿199,https://www.gowabi.com/en/provider/davin-clinic
Davin Clinic,IPL Laser - Face for skin white,฿490,https://www.gowabi.com/en/provider/davin-clinic
Davin Clinic,Filler - Nueramis (Chin or Cheek Grove or mouth. ) (1 cc),"฿4,590",https://www.gowabi.com/en/provider/davin-clinic
Davin Clinic,Filler - Restylane (Undereyes) 1cc [Flash Sale eVoucher],"฿10,900",https://www.gowabi.com/en/provider/davin-clinic
Davin Clinic,Thread Lifting - V-LOCK (4 Threads),"฿3,299",https://www.gowabi.com/en/provider/davin-clinic
Davin Clinic,Drip Vitamin Skin Whitening,฿890,https://www.gowabi.com/en/provider/davin-clinic
Davin Clinic,Super Blink vitamin drip . NEW,"฿1,200",https://www.gowabi.com/en/provider/davin-clinic
Davin Clinic,P.RP Growth Factor Reju (1 Time),฿999,https://www.gowabi.com/en/provider/davin-clinic
Davin Clinic,P.RP Growth Factor Reju (4 Times),"฿2,999",https://www.gowabi.com/en/provider/davin-clinic
Davin Clinic,VIVACE Acne Scar (1 time),"฿4,900",https://www.gowabi.com/en/provider/davin-clinic
Davin Clinic,VIVACE Acne Scar (3 times),"฿10,900",https://www.gowabi.com/en/provider/davin-clinic
Davin Clinic,VIVACE Acne Scar (5 times),"฿16,500",https://www.gowabi.com/en/provider/davin-clinic
Davin Clinic,Glow Factor Premium,"฿1,299",https://www.gowabi.com/en/provider/davin-clinic
Davin Clinic,Ultraformer III,"฿8,900",https://www.gowabi.com/en/provider/davin-clinic
Davin Clinic,HIFU Ultra V Lift,"฿2,990",https://www.gowabi.com/en/provider/davin-clinic
Davin Clinic,CoolSculpting™,"฿9,900",https://www.gowabi.com/en/provider/davin-clinic
